"kineticMean.psiteID";"V1";"V2";"kineticMean.cluster";"kineticMean.gene";"NewClusters"
"Aak1_S635";19.72312197;2.84045856;8;"AAK1";12
"Abi1_S225";21.80589798;3.603846493;8;"ABI1";12
"Abi1_S231";-4.988357167;-9.376237059;9;"ABI1";3
"Ablim1_S496";6.186666358;-13.95042868;1;"ABLIM1";1
"Ablim1_S738";6.139104652;-13.4932041;1;"ABLIM1";1
"Ablim1_S789";16.047946;-8.125545002;3;"ABLIM1";13
"Acaca_S79";21.55266317;2.501402237;8;"ACACA";12
"Acap1_T739";-15.60751771;4.580547734;5;"ACAP1";6
"Acin1_S825";-2.186440861;-13.73907857;6;"ACIN1";2
"Acly_S455";-7.673214332;6.609868328;5;"ACLY";6
"Add1_T11";-6.179992874;17.05524282;7;"ADD1";8
"Add3_S423";-11.15722944;13.96283492;2;"ADD3";7
"Agap2_S802";8.398354215;-17.01368052;1;"AGAP2";1
"Agap2_S921";-10.15713295;12.18332009;2;"AGAP2";7
"Akt2_T451";9.217086975;6.404267445;10;"AKT2";10
"Ampd2_S37";4.08630554;-14.16663246;1;"AMPD2";1
"Ampd2_T36";1.811013808;-14.69970249;6;"AMPD2";2
"Ankrd17_S2401";17.23383812;9.181264769;4;"ANKRD17";11
"Anp32a_S17";-4.481211235;14.58240532;7;"ANP32A";8
"Ap3d1_S760";10.12089641;-0.810878318;10;"AP3D1";10
"Apbb1ip_S532";9.218617097;-0.298458259;10;"APBB1IP";10
"Apbb1ip_S532+S537";-10.65316399;-9.392657064;9;"APBB1IP";3
"Apbb1ip_S537";-11.25672891;15.94309616;2;"APBB1IP";7
"Appl1_S401";16.01705983;9.461400912;4;"APPL1";11
"Arfgap2_S239";7.457457604;-16.45555195;1;"ARFGAP2";1
"Arfgap2_S431";5.939092041;-16.99388481;1;"ARFGAP2";1
"Arhgap15_S218";-12.86859786;-9.895405694;9;"ARHGAP15";3
"Arhgap25_S2";7.908323177;-19.64742055;1;"ARHGAP25";1
"Arhgap25_S379";-3.786050715;-13.38264727;6;"ARHGAP25";2
"Arhgap25_S380";-3.041236517;-13.2028886;6;"ARHGAP25";2
"Arhgap25_S396";3.602668587;0.533761107;12;"ARHGAP25";9
"Arhgap30_S1048";7.585855984;-20.6415543;1;"ARHGAP30";1
"Arhgap30_S996";-1.575584327;-14.66970333;6;"ARHGAP30";2
"Arhgef1_S775";20.14611298;-4.067833999;3;"ARHGEF1";13
"Arhgef1_S905";-1.804707277;14.40665496;7;"ARHGEF1";8
"Arhgef2_S122";6.023707836;-20.01498205;1;"ARHGEF2";1
"Arhgef2_S646";-6.040025034;11.83848056;7;"ARHGEF2";8
"Arhgef2_S885";5.556393387;-18.60564547;1;"ARHGEF2";1
"Arhgef2_T152";10.73211911;5.209602332;10;"ARHGEF2";10
"Arhgef6_S224";-2.696997986;13.83664844;7;"ARHGEF6";8
"Arhgef7_S223";-15.22205162;-13.51005657;9;"ARHGEF7";3
"Arhgef7_S776";-5.673850059;-14.23706574;6;"ARHGEF7";2
"Arid1a_S1185";-15.68811721;9.435393825;2;"ARID1A";7
"Arid4b_S839";17.26168865;-0.479230547;8;"ARID4B";12
"Arl6ip4_S140";-7.503835455;17.89023158;7;"ARL6IP4";8
"Arpc1b_S311";-11.69655392;10.33208077;2;"ARPC1B";7
"Asap1_S1059";-8.174109483;1.158743546;5;"ASAP1";6
"Asap1_S854";19.90448707;-1.760346829;3;"ASAP1";13
"Aspscr1_S279";-9.495081732;10.74915143;2;"ASPSCR1";7
"Aspscr1_T278";-17.18067931;12.58147473;2;"ASPSCR1";7
"Atf2_T53";-3.368084099;8.171990592;7;"ATF2";8
"Atp2b1_S1139";-7.225572147;3.049858388;5;"ATP2B1";6
"Atp2b1_S1140";-7.189745227;2.178876643;5;"ATP2B1";6
"Atrip_S14";0.534257913;9.62008789;7;"ATRIP";8
"Atxn1_S62";-12.82470887;16.9212884;2;"ATXN1";7
"Atxn2l_S109";-1.543860507;13.98262538;7;"ATXN2L";8
"Babam1_T10";9.17834143;5.075724269;10;"BABAM1";10
"Bach2_S314";17.0593435;0.814921158;8;"BACH2";12
"Bad_S155";4.014182769;14.39393691;7;"BAD";8
"Banf1_S4";15.36602577;9.933085931;4;"BANF1";11
"Bcl11b_S381";2.717175948;1.718269325;12;"BCL11B";9
"Bcl11b_S743";-4.202332804;17.90302327;7;"BCL11B";8
"Bcl11b_T376+S381";-13.19841706;9.09324277;2;"BCL11B";7
"Bclaf1_S395";0.452542221;11.94825832;7;"BCLAF1";8
"Bet1_S50";-13.84159338;-4.812015725;11;"BET1";5
"Bin1_S332";17.56051273;10.57000611;4;"BIN1";11
"Bin2_T35";7.386794592;-18.98823927;1;"BIN2";1
"Braf_S135";0.281684652;16.34879187;7;"BRAF";8
"Brd4_S1153";-16.40854007;1.754229498;5;"BRD4";6
"C2cd5_S643";-6.669901467;3.955579229;5;"C2CD5";6
"C2cd5_S659";2.136527476;-16.56872992;6;"C2CD5";2
"Camk4_S337";-10.45066025;12.29021841;2;"CAMK4";7
"Carhsp1_S53";-10.85938535;3.817980887;5;"CARHSP1";6
"Cast_S11";17.62271337;8.234034107;4;"CAST";11
"Cast_S219";-9.234172182;15.89282813;2;"CAST";7
"Cast_T216";-6.183129761;6.733444225;5;"CAST";6
"Cast_T309";-6.575291454;5.889193029;5;"CAST";6
"Cblb_Y708";-10.34008045;-11.8054749;9;"CBLB";3
"Cblb_Y889";-12.26292814;-9.677591485;9;"CBLB";3
"Cbl_S617";-7.584952083;-10.57191084;9;"CBL";3
"Cbl_Y672";2.192910534;-21.61767773;6;"CBL";2
"Cbl_Y698";-6.68392587;-9.872061755;9;"CBL";3
"Cbx4_S350";4.117792776;-2.4262061;12;"CBX4";9
"Cbx5_S92";-12.9561893;17.49570472;2;"CBX5";7
"Cbx5_S93";2.733001851;15.41483426;7;"CBX5";8
"Ccdc110_T370";-15.51872423;5.096595845;5;"CCDC110";6
"Ccdc6_S237";-11.81685462;10.42867214;2;"CCDC6";7
"Ccdc88b_S1413";17.24084564;-1.985840109;3;"CCDC88B";13
"Ccdc9_S60";-12.45928343;1.125910386;5;"CCDC9";6
"Ccr7_S365";-10.7839567;-7.894442035;9;"CCR7";3
"Cct2_S260";-11.1445255;9.369620311;2;"CCT2";7
"Cd247_Y111;111";-13.48741452;12.53670885;2;"CD247";7
"Cd247_Y123;123";-12.81456917;12.86126221;2;"CD247";7
"Cd247_Y142";-13.02584961;12.86680475;2;"CD247";7
"Cd247_Y142+T152";-12.81654447;16.13323884;2;"CD247";7
"Cd247_Y153";-10.76758256;14.84477699;2;"CD247";7
"Cd247_Y72;72";-14.75074329;13.09894903;2;"CD247";7
"Cd247_Y83;83";-12.41212965;14.16394366;2;"CD247";7
"Cd2ap_S224";6.833273584;-20.70947707;1;"CD2AP";1
"Cd2ap_S458";8.838112485;-20.27611771;1;"CD2AP";1
"Cd3d_Y149+S161";-18.59513096;2.559559824;5;"CD3D";6
"Cd3e_Y170";-10.295227;3.277679634;5;"CD3E";6
"Cd3e_Y181";-13.0913733;13.30422044;2;"CD3E";7
"Cd3g_S148";-8.753541436;-5.358149297;13;"CD3G";4
"Cd3g_Y160";-15.33145272;10.65266334;2;"CD3G";7
"Cd4_S439";5.828013634;-22.05438974;1;"CD4";1
"Cd5_S438";2.29847208;-14.99339144;6;"CD5";2
"Cd5_T435";0.69327851;-16.84512941;6;"CD5";2
"Cd97_S814";-13.15619629;6.622706211;5;"CD97";6
"Cdc5l_S273";-16.3460377;-8.941035775;11;"CDC5L";5
"Cdk12_S382+S384";6.796116576;12.71335235;7;"CDK12";8
"Cdk17_S119;146";-6.314376864;-10.42669211;9;"CDK17";3
"Cdk17_S137";-3.195718599;-11.87068028;6;"CDK17";2
"Cdk1_Y15";22.71280855;5.361376337;8;"CDK1";12
"Cdv3_S51";-8.253034477;-5.848483135;13;"CDV3";4
"Cenpe_S2383";17.59309945;5.168347337;8;"CENPE";12
"Cep55_S426";-5.639701206;6.469458932;5;"CEP55";6
"Cep55_Y377";-14.99211291;15.1336026;2;"CEP55";7
"Cetn2_S20";16.62367337;-2.531148384;3;"CETN2";13
"Cfl1_S3";18.79505206;-2.866020403;3;"CFL1";13
"Champ1_S532";-12.13226451;4.229048602;5;"CHAMP1";6
"Chd1_S1619";-11.3063159;15.92881839;2;"CHD1";7
"Chd4_S296";15.45330307;10.06747631;4;"CHD4";11
"Chd7_S626";-15.50542107;15.46152803;2;"CHD7";7
"Chd8_S2040";-13.49618159;2.19493975;5;"CHD8";6
"Chtf18_S91";-17.42018865;1.611433027;5;"CHTF18";6
"Cic_S1080";-6.125049167;6.351221538;5;"CIC";6
"Cic_S1403";-6.242133534;17.07170096;7;"CIC";8
"Cic_S2275+T2283";-9.752279064;-5.533244195;13;"CIC";4
"Clasp1_S794";16.37912724;-4.484284331;3;"CLASP1";13
"Clasrp_S335";3.540295545;13.9662683;7;"CLASRP";8
"Clcc1_S429";19.8613;6.752515813;8;"CLCC1";12
"Clcc1_S433";-18.21720813;5.543153844;5;"CLCC1";6
"Clip1_S347;353";10.9736241;4.9924324;10;"CLIP1";10
"Cmtr1_S27";-3.992370936;-12.90803938;6;"CMTR1";2
"Copb2_S860";8.726772838;4.481777801;10;"COPB2";10
"Cops7a_S255";6.294983172;-22.21012251;1;"COPS7A";1
"Coro1a_T424";-7.648315339;7.914673539;5;"CORO1A";6
"Cpsf7_S197";5.35916478;5.457028256;12;"CPSF7";9
"Crkl_Y251";-11.93596493;-11.25253849;9;"CRKL";3
"Crtc3_S370";-1.358007734;15.73762906;7;"CRTC3";8
"Cwc25_S328";3.331485726;15.98832775;7;"CWC25";8
"Cxcr4_S332";22.38245229;2.242280029;8;"CXCR4";12
"Dbnl_S277";2.235491072;-14.90070737;6;"DBNL";2
"Dck_S13";9.942449224;6.10249644;10;"DCK";10
"Dcp1a_T420";21.5006157;0.903588599;8;"DCP1A";12
"Ddx3x_S90";5.240782568;-15.80857098;1;"DDX3X";1
"Ddx5_S24";19.12965035;-1.687038231;3;"DDX5";13
"Ddx5_T26";18.76647743;-1.963111902;3;"DDX5";13
"Dennd4c_S1096";7.429491578;-13.45534729;1;"DENND4C";1
"Dennd4c_S1274";-9.282920061;-4.678768709;13;"DENND4C";4
"Denr_T78";-7.831391445;8.279193015;5;"DENR";6
"Dgkz_S162";-9.138616059;4.083320043;5;"DGKZ";6
"Dlgap5_S328";-10.52364234;9.507905211;2;"DLGAP5";7
"Dnajc9_S109";0.979315692;9.822369545;7;"DNAJC9";8
"Dnmt1_S138";8.542322603;-1.690079906;10;"DNMT1";10
"Dnmt1_S140";-7.871857717;11.39263649;2;"DNMT1";7
"Dock10_S12";7.119348395;-19.57974494;1;"DOCK10";1
"Dock11_S12";1.330197106;-15.30200824;6;"DOCK11";2
"Dock11_S1240";-4.267320413;-16.0371384;6;"DOCK11";2
"Dock2_S1591";2.816484239;-0.748175107;12;"DOCK2";9
"Dock2_S1683";-4.770728978;14.77194401;7;"DOCK2";8
"Dock2_S1704";-5.805896828;-8.011982904;13;"DOCK2";4
"Dock2_S1722";7.541787729;-22.02694017;1;"DOCK2";1
"Dock2_S587";6.345883176;-15.27435542;1;"DOCK2";1
"Dock8_S433";-7.893699532;-6.129029727;13;"DOCK8";4
"Dok1_S269";-11.18896697;-8.909689214;9;"DOK1";3
"Dpf2_S244";10.11174087;6.532383147;10;"DPF2";10
"Dpf2_T248";5.75632761;13.00791413;7;"DPF2";8
"Dpysl2_S542";4.626508693;-15.4082367;1;"DPYSL2";1
"Dr1_S105";-19.1242571;-0.157816122;5;"DR1";6
"Dstn_S3";19.13677644;-4.161097216;3;"DSTN";13
"Dync1li1_S510";4.611836579;2.438442321;12;"DYNC1LI1";9
"Dync1li1_S516";-3.681955919;12.55943299;7;"DYNC1LI1";8
"Eef1a1_Y29;29";18.49481113;-5.103045625;3;"EEF1A1";13
"Eef1b_S106";4.725974335;10.87736847;7;"EEF1B";8
"Eef1d_S118";16.24511215;-7.782125985;3;"EEF1D";13
"Eef1d_S162";11.95225155;9.43083479;10;"EEF1D";10
"Eef2_T57";17.47562825;1.700074225;8;"EEF2";12
"Eef2_T57+T59";18.52552262;6.46082177;8;"EEF2";12
"Efr3a_S692";-5.104817009;13.59683346;7;"EFR3A";8
"Eif3b_S111";-2.136194247;14.68385152;7;"EIF3B";8
"Eif4b_S283";5.83643639;-16.27474198;1;"EIF4B";1
"Eif4b_S497";-10.79712951;-8.912587623;9;"EIF4B";3
"Eif4g1_S1081";7.784682711;-19.16262549;1;"EIF4G1";1
"Eif4g1_S1211";-11.8364802;-11.51483681;9;"EIF4G1";3
"Eif4g3_S1150";-4.587846305;-14.7362044;6;"EIF4G3";2
"Eif5b_S108";-7.062853921;12.40979419;7;"EIF5B";8
"Elf4_S187";9.746652093;6.085531618;10;"ELF4";10
"Eml3_S177";-5.136904247;-15.82752313;6;"EML3";2
"Ep300_S12";-18.80697139;-0.172436696;5;"EP300";6
"Epb41_S703";-0.899044313;-19.32178528;6;"EPB41";2
"Eps15l1_S229";-6.23443012;4.289689458;5;"EPS15L1";6
"Epsti1_S39";-12.80054899;-4.618894176;13;"EPSTI1";4
"Ercc6l_S852";21.98328736;-3.024696942;3;"ERCC6L";13
"Etv6_T18+S22";2.575938928;8.546662829;7;"ETV6";8
"Evl_S150";-6.251991899;-10.09772505;9;"EVL";3
"Evl_S257";0.002185116;-12.44755694;6;"EVL";2
"Evl_S258";0.370030074;-16.31370294;6;"EVL";2
"Evl_S329";-8.368808929;-10.26532272;9;"EVL";3
"Evl_S343";7.051076748;-21.01431538;1;"EVL";1
"Evl_S367";-15.31778091;-1.658232815;5;"EVL";6
"Fam102a_S252";-9.173581155;4.797628015;5;"FAM102A";6
"Fam103a1_S36";9.480329466;5.140747887;10;"FAM103A1";10
"Fam195a_S82";-0.88557561;-17.785642;6;"FAM195A";2
"Fam207a_S38";-10.32071781;6.643251708;5;"FAM207A";6
"Fam63a_S103";-9.953730036;8.644847654;2;"FAM63A";7
"Fam65b_S200";-18.72648324;0.037631127;5;"FAM65B";6
"Fam65b_S582";-10.9825624;-6.631207175;9;"FAM65B";3
"Fam65b_T581";-10.89996074;-11.75933957;9;"FAM65B";3
"Fancd2_S10";-11.98873811;4.692294182;5;"FANCD2";6
"Fbl_S130";10.2755024;10.8710494;10;"FBL";10
"Fcho1_S295";7.815512024;-16.14588239;1;"FCHO1";1
"Fcho1_S554";-16.13714316;-0.918761008;5;"FCHO1";6
"Fcho1_T414";-3.92636438;-14.68190107;6;"FCHO1";2
"Fhod1_S514";-9.233416483;-7.631331285;13;"FHOD1";4
"Fmnl1_S184";16.22302965;5.675929785;4;"FMNL1";11
"Fmnl1_T1018+S1021";-16.60513955;-7.781614852;11;"FMNL1";5
"Fnbp1_S496";4.18210723;-16.38565906;1;"FNBP1";1
"Fnbp4_S440";9.123546;6.180839398;10;"FNBP4";10
"Foxk1_S406";16.82914227;8.684735196;4;"FOXK1";11
"Foxk1_S406+S414";-18.58851776;6.351457253;5;"FOXK1";6
"Foxk1_S431";4.183357397;13.63552133;7;"FOXK1";8
"Foxo3_S252";-11.74493592;3.971487582;5;"FOXO3";6
"Fyb_S114";20.29567112;-2.262597803;3;"FYB";13
"Fyb_S203";-13.04280439;-9.663264384;9;"FYB";3
"Fyb_S207";-6.966381778;-8.304338984;13;"FYB";4
"Fyb_S27";11.31864686;-15.77093364;1;"FYB";1
"Fyb_S318";-2.560026008;-14.30375416;6;"FYB";2
"Fyb_S561";7.677168624;-13.40225214;1;"FYB";1
"Fyb_Y559";-0.42679001;-19.54468105;6;"FYB";2
"Fyn_Y424;394;420;424";-12.15399385;-5.184666875;13;"FYN";4
"Gapvd1_S902";4.740091874;-14.11701566;1;"GAPVD1";1
"Gatad2a_S543";9.99356666;3.004206282;10;"GATAD2A";10
"Gigyf1_S137";-0.274997991;-16.06026805;6;"GIGYF1";2
"Gigyf2_S161";-2.376209661;-12.93567154;6;"GIGYF2";2
"Git1_S601";-8.661509725;-4.816393551;13;"GIT1";4
"Glipr2_S55";3.121719354;1.532701931;12;"GLIPR2";9
"Gng12_S2";-0.11815337;12.46517698;7;"GNG12";8
"Gnl3_T501";16.46577845;-7.481619672;3;"GNL3";13
"Gpatch8_S735";20.36033804;1.33773486;8;"GPATCH8";12
"Gpbp1_S295";7.549584467;-19.79149877;1;"GPBP1";1
"Gpbp1_S381";3.218165861;13.38274812;7;"GPBP1";8
"Grap2_S163";-2.151562412;-15.34830413;6;"GRAP2";2
"Grap2_S180";9.013344418;-23.29132338;1;"GRAP2";1
"Grap2_S186";-9.130976627;-7.150591154;13;"GRAP2";4
"Grap2_S230";-8.766888274;-5.056785357;13;"GRAP2";4
"Grap2_T254";-9.24700205;9.567351785;2;"GRAP2";7
"Gtpbp1_S8";18.91225804;0.79173136;8;"GTPBP1";12
"Hcls1_S62";-16.36284119;-8.629814959;11;"HCLS1";5
"Hcls1_T330";6.48378137;1.243235906;12;"HCLS1";9
"Hdac2_S422";15.7569557;11.13621693;4;"HDAC2";11
"Hdac7_S398";-2.288831444;-9.057022125;6;"HDAC7";2
"Hdac7_T342";20.97288885;8.495417583;8;"HDAC7";12
"Hdgfrp2_S367";19.72894203;1.178501443;8;"HDGFRP2";12
"Hdgfrp2_S450";-9.422359358;11.99438223;2;"HDGFRP2";7
"Hdgfrp2_S659";-3.204575307;16.69166595;7;"HDGFRP2";8
"Hipk3_Y359";18.60920321;-5.162327268;3;"HIPK3";13
"Hirip3_T167";14.71320554;10.57469754;4;"HIRIP3";11
"Hist1h1b_S18";3.287350387;-0.106754327;12;"HIST1H1B";9
"Hist1h1c_S36;37";2.450580555;-13.75832706;6;"HIST1H1C";2
"Hist1h1e_T18+S2";19.62988262;3.91736886;8;"HIST1H1E";12
"Hmgn1_S7";-1.369936949;17.70187391;7;"HMGN1";8
"Hmha1_S14";8.534837735;-14.56871095;1;"HMHA1";1
"Hmha1_S23";18.81940447;4.826527034;8;"HMHA1";12
"Hmha1_S577+S591";-2.6165337;14.36684163;7;"HMHA1";8
"Hmha1_S591";21.55068016;-0.358747058;8;"HMHA1";12
"Hmha1_S66";9.07686817;-18.16046481;1;"HMHA1";1
"Hmha1_S875";0.424986198;13.90658176;7;"HMHA1";8
"Hnrnpa1_S95";5.91600663;11.50423232;7;"HNRNPA1";8
"Hnrnpa3_S116";5.305484108;12.09273323;7;"HNRNPA3";8
"Hnrnpu_S26";-0.855171056;17.47263318;7;"HNRNPU";8
"Hsf1_S303";20.48639365;-0.483328526;8;"HSF1";12
"Ibtk_S1084";-11.29748481;10.53175953;2;"IBTK";7
"Ifi35_T34";20.59592939;7.934399717;8;"IFI35";12
"Il16_S792";8.499663486;-12.91598186;1;"IL16";1
"Il16_S839";-15.68097747;-7.649992048;11;"IL16";5
"Il16_S959";-1.756168153;-18.90376959;6;"IL16";2
"Il16_S967";2.020545277;-21.47108482;6;"IL16";2
"Il7r_S375";6.888075682;-16.8320488;1;"IL7R";1
"Inpp5d_S1090";6.625781119;-22.0881102;1;"INPP5D";1
"Inpp5d_Y868";-0.700282611;-18.37720996;6;"INPP5D";2
"Ipcef1_S169";-1.252543595;-11.86018587;6;"IPCEF1";2
"Ipcef1_S307";6.503994904;-18.09467902;1;"IPCEF1";1
"Ipcef1_T166";3.680926575;-15.31852262;1;"IPCEF1";1
"Ipcef1_T308";6.428486003;-18.27078464;1;"IPCEF1";1
"Iqgap2_S16";-17.72179393;0.860188246;5;"IQGAP2";6
"Iqgap2_S764";6.126817437;-16.19360285;1;"IQGAP2";1
"Irf2bp2_S226";-16.96555891;0.550123856;5;"IRF2BP2";6
"Irf2bpl_S69";-7.189164769;12.04050098;7;"IRF2BPL";8
"Irf3_S135";17.88238946;-0.149715991;8;"IRF3";12
"Itpr3_S1832";14.08273387;4.838590052;4;"ITPR3";11
"Itpr3_S934";15.01873913;9.025259968;4;"ITPR3";11
"Itsn2_S838+S843";19.30045783;-3.394770424;3;"ITSN2";13
"Itsn2_Y554";-12.06755067;14.84809899;2;"ITSN2";7
"Kcnab2_S14";-0.287719435;-18.26663786;6;"KCNAB2";2
"Kif16b_S838";-1.514130757;-18.11044534;6;"KIF16B";2
"Kif21b_S1198";-8.779888344;-9.48215918;9;"KIF21B";3
"Kif23_S160";3.684165623;9.529307779;7;"KIF23";8
"Kif3a_S689";3.975955502;-15.15957016;1;"KIF3A";1
"Kif4_S802";-13.0538573;1.747160911;5;"KIF4";6
"Kif4_T800";-15.27914297;-12.94896443;9;"KIF4";3
"Kmt2d_S2318";9.989968753;4.434970752;10;"KMT2D";10
"Lad1_S62";-6.763110634;-8.547149254;13;"LAD1";4
"Larp1_S743";13.50780221;11.20867493;4;"LARP1";11
"Larp1_T503";20.37153797;-2.042373695;3;"LARP1";13
"Larp4b_T735";19.42574774;-4.702979092;3;"LARP4B";13
"Larp7_S253";-13.51869062;14.81559296;2;"LARP7";7
"Lat_S49";8.274506315;-20.38535653;1;"LAT";1
"Lbh_S63";-3.093154573;-15.42979268;6;"LBH";2
"Lbr_S177";16.26073551;5.369435575;4;"LBR";11
"Lcp1_S5";-9.636831524;14.62055434;2;"LCP1";7
"Lcp1_S7";4.073038214;9.707080378;7;"LCP1";8
"Lcp2_S376";-8.238732077;-5.185029484;13;"LCP2";4
"Lcp2_T341";-15.37830465;-6.450019718;11;"LCP2";5
"Ldlrap1_S14";0.459306247;17.25096539;7;"LDLRAP1";8
"Lig1_S65";-14.8006757;5.453368604;5;"LIG1";6
"Limd1_S308";3.879167777;-18.37295662;1;"LIMD1";1
"Lime1_Y137";-16.26947627;-0.522794666;5;"LIME1";6
"Lime1_Y175";-16.10222727;-2.137411303;5;"LIME1";6
"Lime1_Y207";-13.06446662;1.271768255;5;"LIME1";6
"Lmnb1_S14";20.13785851;2.951400283;8;"LMNB1";12
"Lmnb1_T21";-10.42993052;14.64559546;2;"LMNB1";7
"Lnp_S411";-7.444148559;-4.929577525;13;"LNP";4
"Lrch4_S25";-6.914435604;15.12920801;7;"LRCH4";8
"Lrmp_S362";19.59807879;-2.533333446;3;"LRMP";13
"Lrrc41_S276";-13.21571398;14.81319943;2;"LRRC41";7
"Lrrc8c_T198";15.24962916;-8.819219256;3;"LRRC8C";13
"Lrrfip1_S302";4.175323532;11.24114205;7;"LRRFIP1";8
"Lsp1_S168";20.58750713;-4.765545993;3;"LSP1";13
"Lsp1_S179";10.37857533;-16.23494777;1;"LSP1";1
"Lsp1_S184";-14.08460337;-9.108074484;9;"LSP1";3
"Lsp1_T166+S168";20.06301457;-6.316039089;3;"LSP1";13
"Lsp1_T166+S168+S180";15.05899363;1.463579285;8;"LSP1";12
"Ly9_Y625";-10.30299398;-12.88150352;9;"LY9";3
"Madd_S812";3.108307636;-15.61774505;1;"MADD";1
"Map2k2_S222;226";-4.794524946;-12.52261406;6;"MAP2K2";2
"Map4k1_S325";-0.797873361;-15.97477578;6;"MAP4K1";2
"Map4k1_S405";-8.272178635;10.94806377;2;"MAP4K1";7
"Map4k4_S629";-16.95580377;-3.18252115;11;"MAP4K4";5
"Map4_S1046";13.64250958;3.504197467;4;"MAP4";11
"Map7d1_S401";19.04668499;-5.696955032;3;"MAP7D1";13
"Mapk14_Y182";-16.84107847;-5.180621485;11;"MAPK14";5
"Mapk1_Y185";-4.833289307;-12.68412562;6;"MAPK1";2
"Mapk3_T203+Y205";1.374270775;-2.055967131;12;"MAPK3";9
"Mapk3_Y205";-15.97704179;-5.284606852;11;"MAPK3";5
"Mark2_S40";-11.71244004;1.417073999;5;"MARK2";6
"Mast3_S769";15.16082053;9.080858079;4;"MAST3";11
"Matr3_S188";-1.760287261;14.05741514;7;"MATR3";8
"Mbd3_S56";-6.772489714;-15.16176231;6;"MBD3";2
"Mbp_S112";-12.07123312;13.48067299;2;"MBP";7
"Mcm2_S108";-3.870409253;13.34894946;7;"MCM2";8
"Mcm3_S668";-7.992744407;-7.112526701;13;"MCM3";4
"Mcm6_S13";3.785502311;12.19777784;7;"MCM6";8
"Med1_S588";-14.5603239;8.213398337;2;"MED1";7
"Med24_S871";18.74513633;0.537020135;8;"MED24";12
"Mef2d_S180";19.04185607;3.361964021;8;"MEF2D";12
"Mef2d_S251";18.40585473;0.588603315;8;"MEF2D";12
"Mff_S129";19.29234834;-6.601037367;3;"MFF";13
"Mief1_S59";-2.696986718;13.08176838;7;"MIEF1";8
"Mink1_S729";19.79430332;-3.99659822;3;"MINK1";13
"Mkl1_S605";-15.11751458;11.0114635;2;"MKL1";7
"Mkl1_S606";-15.11751458;11.0114635;2;"MKL1";7
"Mllt3_S302";-18.9351216;0.786105862;5;"MLLT3";6
"Mllt4_S1275";19.6322713;2.777282361;8;"MLLT4";12
"Morc2a_S741";21.06355856;-4.507169134;3;"MORC2A";13
"Mphosph6_S111";-3.548894695;3.202205053;5;"MPHOSPH6";6
"Mtdh_S303";-17.64998488;-7.307269694;11;"MTDH";5
"Mtfr1l_S100";16.96126031;0.219702369;8;"MTFR1L";12
"Mtfr1l_S235";12.27409176;8.306630568;10;"MTFR1L";10
"Mvb12a_S168";7.661938324;-18.86943685;1;"MVB12A";1
"Mybbp1a_S1325";19.03341947;3.002126771;8;"MYBBP1A";12
"Myh9_S1943";3.2822704;15.47906071;7;"MYH9";8
"Myh9_T1939";-3.331475441;-11.55184547;6;"MYH9";2
"Myl12b_T19;19";14.39469619;11.10594464;4;"MYL12B";11
"Myo9b_S1264";2.057962096;10.63339075;7;"MYO9B";8
"Nab2_S159";20.24669603;-3.45110604;3;"NAB2";13
"Nab2_S515";-12.97176735;4.194479899;5;"NAB2";6
"Nbn_S398";-9.930767533;12.63745606;2;"NBN";7
"Ncapd2_S1320";-16.51069647;-4.375610201;11;"NCAPD2";5
"Ncaph_S25";-16.52261004;2.014802222;5;"NCAPH";6
"Ncbp1_S22";-10.26179259;13.0503021;2;"NCBP1";7
"Nck1_Y105";2.152670716;-18.00243505;6;"NCK1";2
"Ncl_S403";-7.61398683;7.781679286;5;"NCL";6
"Ncl_S577";-15.98375008;3.010809853;5;"NCL";6
"Ncoa2_S771";-15.20243618;-4.909653821;11;"NCOA2";5
"Ncoa3_S847";-3.79426745;-14.47633818;6;"NCOA3";2
"Ndrg1_S330";-16.36131173;0.221076631;5;"NDRG1";6
"Ndrg1_T328";-5.166217401;5.580750559;5;"NDRG1";6
"Ndrg2_S332";15.46430721;11.3357191;4;"NDRG2";11
"Ndrg3_S331";-16.41221822;4.859753534;5;"NDRG3";6
"Necap2_S181";8.180449498;-20.3598363;1;"NECAP2";1
"Nelfe_S115";-12.3288454;-3.777557892;13;"NELFE";4
"Nelfe_S51";-15.28624518;-4.274571388;11;"NELFE";5
"Nfatc1_S235";-11.05185867;15.41184444;2;"NFATC1";7
"Nfatc2_S136";21.13644975;0.497969942;8;"NFATC2";12
"Nfatc2_S136+S150";15.06904797;10.90141236;4;"NFATC2";11
"Nfatc2_S150";1.059258656;16.27771333;7;"NFATC2";8
"Nfatc2_S238+S245";17.51407887;8.305431448;4;"NFATC2";11
"Nfatc2_S257";-15.19849388;-7.258030013;11;"NFATC2";5
"Nfatc2_S257+S270";-6.060447261;14.59827351;7;"NFATC2";8
"Nfatc2_S270";-6.075367324;17.2527829;7;"NFATC2";8
"Nfatc2_S328";20.33688877;-3.868475872;3;"NFATC2";13
"Nfatc2_S365";18.77038114;3.804051298;8;"NFATC2";12
"Nipbl_S274";-13.03337818;3.106673661;5;"NIPBL";6
"Nop56_S554";-2.526143053;15.20623677;7;"NOP56";8
"Nsfl1c_T138";-4.09301799;3.524536433;5;"NSFL1C";6
"Nudc_S136";5.186593876;4.306884888;12;"NUDC";9
"Nudt5_S10";5.095923107;9.867541706;7;"NUDT5";8
"Numb_S440";1.11938721;-2.146881;12;"NUMB";9
"Ogfr_S403";0.302874531;16.06801888;7;"OGFR";8
"Oxsr1_S359";-1.943507352;17.91822608;7;"OXSR1";8
"Pa2g4_S2";1.317857542;15.26993631;7;"PA2G4";8
"Pacs1_S526";-10.06784037;-12.1836818;9;"PACS1";3
"Pacs1_S527";2.56424798;-1.056678618;12;"PACS1";9
"Pacs1_T502";15.55747095;10.84860026;4;"PACS1";11
"Pak2_S197";8.270077538;-22.15972239;1;"PAK2";1
"Pan3_S300";17.66360576;12.6815191;4;"PAN3";11
"Papolg_S711";-16.26537185;8.113339206;2;"PAPOLG";7
"Pbrm1_S39";-4.943915497;13.94872037;7;"PBRM1";8
"Pcbp1_S189";13.93328477;9.733117544;4;"PCBP1";11
"Pdap1_S176";5.039182423;-19.58582835;1;"PDAP1";1
"Pdap1_T18";3.997754636;-15.11594715;1;"PDAP1";1
"Pdcd11_S1468";2.729552081;13.98796926;7;"PDCD11";8
"Pdcd4_S457";-17.21226143;3.607477734;5;"PDCD4";6
"Pdcd4_S76";-10.37722041;12.00437537;2;"PDCD4";7
"Pdlim1_S183";5.79527027;-15.6195984;1;"PDLIM1";1
"Pdlim1_S185";-0.675482029;-11.61352335;6;"PDLIM1";2
"Pdlim2_S199";16.93389552;-7.365321355;3;"PDLIM2";13
"Pdlim2_S209";-11.49526489;-11.25271311;9;"PDLIM2";3
"Pdlim2_S210";-4.299352544;-14.51037784;6;"PDLIM2";2
"Pea15_S116";-12.66164858;-0.483272294;5;"PEA15";6
"Pfkl_S775";-10.97591087;5.465076604;5;"PFKL";6
"Phc3_T607";17.76904958;-5.247303083;3;"PHC3";13
"Phf14_S828";-16.23945672;8.715777632;2;"PHF14";7
"Phf2_S651";-17.11188855;0.093529051;5;"PHF2";6
"Phf6_S199";18.27715139;2.581323864;8;"PHF6";12
"Phka2_S729";11.1904894;6.909553733;10;"PHKA2";10
"Phrf1_S1045";14.86342634;4.961815424;4;"PHRF1";11
"Pkn2_S582";-5.506725172;16.20286668;7;"PKN2";8
"Plcg1_S1248";-8.949239718;4.589698031;5;"PLCG1";6
"Plcg1_Y771";2.265823264;-20.9299021;6;"PLCG1";2
"Plcl2_S18";18.65337622;8.302892288;4;"PLCL2";11
"Plcl2_S87";20.17166432;7.28652546;8;"PLCL2";12
"Plcl2_T585";-3.650770311;4.263716697;5;"PLCL2";6
"Plec_T4037";0.89564465;-16.17823563;6;"PLEC";2
"Plekha2_S314";-8.155636631;-11.09389176;9;"PLEKHA2";3
"Plekhf2_S16";3.616923744;10.27091654;7;"PLEKHF2";8
"Plekho2_S395";16.96238126;5.991811414;4;"PLEKHO2";11
"Plin3_S245";15.28759478;12.07181429;4;"PLIN3";11
"Pnisr_S211";21.7845598;4.193668436;8;"PNISR";12
"Pnn_S66";-19.03128237;3.895065037;5;"PNN";6
"Pola1_S192";-17.75372795;-1.078709355;5;"POLA1";6
"Pola1_T193";-17.44636957;-1.651568614;5;"POLA1";6
"Pola2_S126";-15.26091209;-4.7341139;11;"POLA2";5
"Pom121_S352";-4.157722388;12.07811949;7;"POM121";8
"Pou2f2_S55";18.16549091;-3.327246215;3;"POU2F2";13
"Ppapdc2_S67";14.29774799;7.678597543;4;"PPAPDC2";11
"Ppip5k2_S1066";5.025386174;-15.25729105;1;"PPIP5K2";1
"Ppm1g_S524";0.165908432;12.50299453;7;"PPM1G";8
"Ppm1g_T525";-0.1155747;15.24621378;7;"PPM1G";8
"Ppp1r10_S313";-4.966503412;12.14494103;7;"PPP1R10";8
"Ppp1r12a_S445";19.05735712;-3.844136096;3;"PPP1R12A";13
"Ppp1r12a_S507";-15.88900225;-4.736710538;11;"PPP1R12A";5
"Ppp1r9b_S100";-2.284529678;-15.3374422;6;"PPP1R9B";2
"Ppp1r9b_S99";1.523468114;-17.34656481;6;"PPP1R9B";2
"Ppp2r5c_S497";-0.126385297;-16.46737407;6;"PPP2R5C";2
"Ppp6r1_S739";-9.672498651;11.77264462;2;"PPP6R1";7
"Prkab1_S108";17.5614938;-0.533202377;8;"PRKAB1";12
"Prkcd_Y311";8.131531673;-21.76202675;1;"PRKCD";1
"Prkd2_S197";19.26961956;-0.477520363;8;"PRKD2";12
"Prkd2_S211";1.633821848;15.94397519;7;"PRKD2";8
"Prkd2_S873";-8.833849298;-10.8590736;9;"PRKD2";3
"Prkd2_T199";6.323616539;12.87966192;7;"PRKD2";8
"Prkra_S18";-13.76764739;-7.672970374;11;"PRKRA";5
"Prpf4b_S88+S94";13.95333329;11.89529589;4;"PRPF4B";11
"Prrc2a_S761";-10.19746038;5.726214359;5;"PRRC2A";6
"Prrc2b_S415";-10.81481731;-4.870973189;13;"PRRC2B";4
"Prrc2c_S899";11.48505666;7.64194808;10;"PRRC2C";10
"Psmc3_S12";-1.661573748;13.02005921;7;"PSMC3";8
"Psmd11_S14";-6.199746974;-15.34479799;6;"PSMD11";2
"Pstpip1_S312";4.858998639;-16.39571841;1;"PSTPIP1";1
"Pstpip1_S318";19.87842513;4.109714743;8;"PSTPIP1";12
"Ptpn1_S335";-4.763825051;-16.21545026;6;"PTPN1";2
"Ptpn22_S452";-1.398687592;-16.95028067;6;"PTPN22";2
"Ptpn22_S512";17.55321349;10.32133908;4;"PTPN22";11
"Ptpn22_S537";-1.53159375;5.150246375;5;"PTPN22";6
"Ptpn22_Y535";4.166224095;-18.60594209;1;"PTPN22";1
"Ptpn6_Y536";-0.789644536;-17.4347449;6;"PTPN6";2
"Ptpn7_S143";-9.730219703;8.626692739;2;"PTPN7";7
"Ptpn7_S44";22.61682582;5.365697707;8;"PTPN7";12
"Ptpn7_S45+S63";-18.39850412;6.298830251;5;"PTPN7";6
"Pum2_S82";-0.096321593;16.73464189;7;"PUM2";8
"Purb_S6";-10.53504761;-3.920707327;13;"PURB";4
"Pxn_S83";-9.481989575;7.430317666;2;"PXN";7
"R3hdm2_S281;276";-7.782857995;1.657119212;5;"R3HDM2";6
"R3hdm2_S283;278";-8.249694181;-11.31431079;9;"R3HDM2";3
"Raf1_S642";-4.834074264;17.47365819;7;"RAF1";8
"Ranbp2_T2342";-1.001222728;14.29671496;7;"RANBP2";8
"Rasa3_S809";-7.966158374;7.572319209;5;"RASA3";6
"Rasal3_S187";-17.51221418;3.366196519;5;"RASAL3";6
"Rasal3_S74";-8.945977775;-6.417900244;13;"RASAL3";4
"Rasal3_S883";4.115901847;-18.64211673;1;"RASAL3";1
"Rasal3_S95";-7.927233421;2.945885547;5;"RASAL3";6
"Rasgrp2_S554";9.327289478;-0.487810439;10;"RASGRP2";10
"Rasgrp2_S554+S565";-20.58694634;-0.052745615;5;"RASGRP2";6
"Rasgrp2_S575";-15.25125033;-1.671130728;5;"RASGRP2";6
"Raver1_S576";-2.994494609;11.11826488;7;"RAVER1";8
"Rbck1_Y328";-12.83721622;0.164321676;5;"RBCK1";6
"Rbm10_S723";5.35540629;4.833029855;12;"RBM10";9
"Rbm15b_S263";17.97883854;9.400783235;4;"RBM15B";11
"Rbm34_S19";-11.81111422;15.1866172;2;"RBM34";7
"Rbm7_S136";-13.94784625;-7.318681826;11;"RBM7";5
"Rcsd1_S108";-11.52274065;1.515311532;5;"RCSD1";6
"Rcsd1_S127";-15.49175027;-6.41209274;11;"RCSD1";5
"Rcsd1_S177";-16.01320257;9.530825444;2;"RCSD1";7
"Rcsd1_S179";-7.734672369;-9.687455363;9;"RCSD1";3
"Rcsd1_S246";5.185324076;13.01223935;7;"RCSD1";8
"Rcsd1_S83";-4.004699447;15.60158446;7;"RCSD1";8
"Rcsd1_T243";-18.42305438;-1.841063291;5;"RCSD1";6
"Rcsd1_T243+S246";-4.974670409;12.76768363;7;"RCSD1";8
"Rcsd1_T243+T247";4.080760379;10.16792285;7;"RCSD1";8
"Reps1_S708";-12.10811049;3.218820386;5;"REPS1";6
"Rfc1_S244";-2.673032017;12.52478627;7;"RFC1";8
"Rfc1_S363";-8.004858237;-11.92817935;9;"RFC1";3
"Rftn1_S536";13.09773447;11.85599199;4;"RFTN1";11
"Rgs10_S16";-11.65693746;14.72124504;2;"RGS10";7
"Rgs3_S686";18.25907722;8.925679358;4;"RGS3";11
"Rgs3_S776";17.45273266;7.807718375;4;"RGS3";11
"Rgs3_T710";15.19662215;4.897301728;4;"RGS3";11
"Rin3_S389";-12.69573437;-2.736670126;13;"RIN3";4
"Rin3_S872";-14.76300158;6.192451728;5;"RIN3";6
"Rltpr_S1214";16.89526751;-0.902077515;8;"RLTPR";12
"Rltpr_S1242";14.79494987;12.29375467;4;"RLTPR";11
"Rnf2_S41";-7.776832633;18.03945185;7;"RNF2";8
"Rpp30_S251";-12.49801512;14.84977113;2;"RPP30";7
"Rps6ka1_S369";-16.21255791;-6.647371051;11;"RPS6KA1";5
"Rps6ka3_S386";-17.04954395;-5.526881564;11;"RPS6KA3";5
"Rps6_S235;378";-17.75273171;5.006797971;5;"RPS6";6
"Rps6_S236;379";-19.28120245;5.140952899;5;"RPS6";6
"Rptor_S863";-5.056518167;9.720948147;7;"RPTOR";8
"Rrm2_S20";17.68635549;8.503361368;4;"RRM2";11
"Rrp15_S265";0.370683517;11.41893438;7;"RRP15";8
"Safb_S366;387";-2.99002861;13.57868525;7;"SAFB";8
"Samd1_S150";-11.4965097;12.3295413;2;"SAMD1";7
"Samsn1_S23";18.24122066;-6.279522091;3;"SAMSN1";13
"Samsn1_S90";-9.718398124;-8.014154979;13;"SAMSN1";4
"Sash3_S142";-8.120408625;0.889102807;5;"SASH3";6
"Sash3_S27";17.33677098;6.469661498;4;"SASH3";11
"Sash3_S97";-1.346747247;-15.69273085;6;"SASH3";2
"Scnm1_S178";19.21979743;-5.91973179;3;"SCNM1";13
"Scrib_S1361";8.620178122;-19.62596517;1;"SCRIB";1
"Scrib_S1490";9.571055315;-15.89598784;1;"SCRIB";1
"Sec22b_S137";13.37056315;11.66207824;4;"SEC22B";11
"Senp7_S13";-14.4222079;4.653530564;5;"SENP7";6
"Sept1_S311";7.246302144;-22.39351521;1;"sept-01";1
"Sept1_Y5";-9.345203068;-13.8808387;9;"sept-01";3
"Sept6_S416";5.876362195;-17.64255419;1;"sept-06";1
"Sept7_T425";-2.62661652;-13.63450962;6;"sept-07";2
"Sept9_S30";-3.745297825;-15.35878107;6;"sept-09";2
"Sept9_S60";8.508445367;-21.37120528;1;"sept-09";1
"Sept9_S80";9.748554287;-17.62094651;1;"sept-09";1
"Sept9_S82";18.28336185;10.47200984;4;"sept-09";11
"Sept9_S85";20.68659136;4.083629352;8;"sept-09";12
"Serbp1_S329";-13.47605274;11.61372271;2;"SERBP1";7
"Sgta_S303+S307";5.251725854;10.33834537;7;"SGTA";8
"Sgta_S307";-13.05669286;17.72182494;2;"SGTA";7
"Sh2d3c_S354";8.840270758;-17.82855565;1;"SH2D3C";1
"Sh3bp1_S553";-12.9773998;4.014717674;5;"SH3BP1";6
"Sh3kbp1_S108";-1.749465782;-17.8397714;6;"SH3KBP1";2
"Sh3kbp1_S274";0.804662863;-21.88717712;6;"SH3KBP1";2
"Sh3kbp1_S537";0.403968297;-18.40443189;6;"SH3KBP1";2
"Sh3kbp1_S539";2.227686003;-21.61609412;6;"SH3KBP1";2
"Sh3kbp1_S630";20.81670533;-2.650197961;3;"SH3KBP1";13
"Sh3kbp1_S631";19.81231209;-4.89143024;3;"SH3KBP1";13
"Shc1_S139";7.954279153;-23.07249247;1;"SHC1";1
"Shc1_Y423";-7.605849005;2.632183007;5;"SHC1";6
"Shroom2_T910+S917";-8.860322014;2.51607582;5;"SHROOM2";6
"Sigirr_S382";4.736418917;15.78783678;7;"SIGIRR";8
"Sik3_S1160";-15.23074111;-12.85103125;9;"SIK3";3
"Sik3_S616";15.83753569;9.092300588;4;"SIK3";11
"Sik3_S964";17.16395203;9.786486858;4;"SIK3";11
"Sipa1_S65";10.44029055;10.69561182;10;"SIPA1";10
"Sipa1_S72";-13.94969508;14.9184458;2;"SIPA1";7
"Slc16a1_S210";19.29374078;1.536466757;8;"SLC16A1";12
"Slc16a1_S210+S213";7.401316492;10.08339285;7;"SLC16A1";8
"Slc16a1_S477";-3.051348004;4.569015644;5;"SLC16A1";6
"Slc26a2_S12";-9.229249011;10.38964467;2;"SLC26A2";7
"Slc9a1_S707";-10.59414698;5.914998056;5;"SLC9A1";6
"Slc9a3r1_S297";19.33936858;3.679403473;8;"SLC9A3R1";12
"Slirp_T104";4.009195712;0.670668938;12;"SLIRP";9
"Sp100_S168";16.5195809;10.89848809;4;"SP100";11
"Sp100_S314";-3.248385588;7.900200833;7;"SP100";8
"Sp100_T182";8.907866373;4.285959093;10;"SP100";10
"Sp110_S175";-13.4741651;4.618324495;5;"SP110";6
"Sp110_S177";-15.31682995;4.246853753;5;"SP110";6
"Sp110_S214+S226";-3.17825232;4.538120171;5;"SP110";6
"Spdl1_S552";3.843484728;-2.27819169;12;"SPDL1";9
"Spn_S339";5.221929755;-17.24102959;1;"SPN";1
"Sptan1_S1029";20.41629877;2.109306169;8;"SPTAN1";12
"Sptan1_S1031";20.32289751;1.231496848;8;"SPTAN1";12
"Sptbn1_T2327";-1.731749777;-11.75132484;6;"SPTBN1";2
"Srp14_S45";11.87610513;9.297477525;10;"SRP14";10
"Srrm2_S1339+S1343";6.103016589;11.34748589;7;"SRRM2";8
"Srrm2_S1577";9.933030708;4.234166602;10;"SRRM2";10
"Srrm2_S2075";14.71651875;8.68665339;4;"SRRM2";11
"Srrm2_S2224";-18.27217691;1.294903181;5;"SRRM2";6
"Srrm2_S2347";9.137824556;0.309857546;10;"SRRM2";10
"Srrm2_S300";14.8401215;5.661449822;4;"SRRM2";11
"Srrm2_S964";8.844013103;-23.79794972;1;"SRRM2";1
"Srrm2_S984";21.76255143;-3.613578115;3;"SRRM2";13
"Srrm2_S990";15.6468463;1.111541734;8;"SRRM2";12
"Srrm2_T2056";9.178024797;-23.3173551;1;"SRRM2";1
"Stam2_Y192";-12.817437;17.13884749;2;"STAM2";7
"Stam2_Y371";-2.673073362;16.62580137;7;"STAM2";8
"Stat3_S727";-8.285319177;11.86664021;2;"STAT3";7
"Stat4_Y694";-10.95336919;-5.41114696;13;"STAT4";4
"Stat5a_Y694";-13.87512705;-10.78504641;9;"STAT5A";3
"Stat6_Y641";-10.21246441;-13.10026901;9;"STAT6";3
"Stim1_S521";18.38294262;3.387778861;8;"STIM1";12
"Stim2_S28";16.86057799;8.692703489;4;"STIM2";11
"Stim2_S626";18.22840073;2.264998776;8;"STIM2";12
"Stim2_S678";19.63782808;6.09677917;8;"STIM2";12
"Stim2_S680";18.64084347;-2.478144993;3;"STIM2";13
"Stim2_S719";13.88274814;-1.746738999;3;"STIM2";13
"Stk10_S13";6.396746087;-20.66271381;1;"STK10";1
"Stk10_S416";-14.27284183;-13.80408165;9;"STK10";3
"Stk10_T950";-15.0789001;1.889592624;5;"STK10";6
"Stk39_S383";-17.4453516;-4.837644024;11;"STK39";5
"Stk4_S418";8.781795621;-13.56965647;1;"STK4";1
"Stmn1_S16";0.53388519;-13.1043437;6;"STMN1";2
"Stmn1_S16+S25";-17.60844955;-0.13218337;5;"STMN1";6
"Stmn1_S25";-9.74450501;13.08072989;2;"STMN1";7
"Stmn1_S46;80";-19.30613072;5.36021908;5;"STMN1";6
"Stmn1_S63";-12.78791676;18.3583745;2;"STMN1";7
"Sub1_S15";6.250376561;1.272685986;12;"SUB1";9
"Sub1_S55";-20.82765723;-0.398111922;5;"SUB1";6
"Sun2_S12";-5.201671588;5.69139491;5;"SUN2";6
"Sun2_S281";16.32445104;6.356312169;4;"SUN2";11
"Svil_S227";0.946935403;15.29367973;7;"SVIL";8
"Syap1_T262";19.00372642;-6.509290578;3;"SYAP1";13
"Tapbp_S461";10.48182186;7.113005584;10;"TAPBP";10
"Tbc1d1_S231";8.801802427;-12.62964208;1;"TBC1D1";1
"Tbc1d1_S521";7.213550949;-18.1182409;1;"TBC1D1";1
"Tbc1d1_S621";-3.691316081;-15.38586397;6;"TBC1D1";2
"Tbc1d5_T576";3.915241636;13.51367404;7;"TBC1D5";8
"Tbxa2r_S328";-1.442234304;-13.07788007;6;"TBXA2R";2
"Thrap3_S248+S253";3.327800536;12.95260266;7;"THRAP3";8
"Thrap3_S572";-14.99736546;5.642628328;5;"THRAP3";6
"Thrap3_S695";-3.22394836;11.46352712;7;"THRAP3";8
"Tlk1_S22";13.9090461;7.817779543;4;"TLK1";11
"Tmc8_S666";20.81265742;-4.958441747;3;"TMC8";13
"Tmpo_S155;155+S158;158";0.511099398;-12.44231979;6;"TMPO";2
"Tmpo_S305";16.76041731;7.843484321;4;"TMPO";11
"Tmpo_S314";18.18412069;5.655653453;8;"TMPO";12
"Tmpo_T159;159";3.235516379;-0.322056216;12;"TMPO";9
"Tmsb10_T23";-2.557343337;-15.93766589;6;"TMSB10";2
"Tmsb4x_T27";-2.085259581;-12.79549889;6;"TMSB4X";2
"Tmsb4x_T29";-4.134300491;-14.16375329;6;"TMSB4X";2
"Tnik_S651";18.39635665;9.605722877;4;"TNIK";11
"Tnip1_S416";17.62395054;0.806165232;8;"TNIP1";12
"Tnk2_Y842";-16.47568577;2.577987436;5;"TNK2";6
"Tnks1bp1_S1022";-6.624307422;12.81947052;7;"TNKS1BP1";8
"Toe1_S349";-4.816959906;14.44457865;7;"TOE1";8
"Toe1_S412";2.614997903;12.56379586;7;"TOE1";8
"Tom1_S462";-0.009791663;17.2141447;7;"TOM1";8
"Top2b_S1537";0.950788673;9.36864308;7;"TOP2B";8
"Tpd52l2_S180";0.792263582;-16.39193965;6;"TPD52L2";2
"Tpd52_S175";-8.718800668;-14.19330396;9;"TPD52";3
"Tpr_S2223";-16.03116988;-1.999130624;5;"TPR";6
"Tpr_S720";-6.442245311;15.40453451;7;"TPR";8
"Tpx2_S737";-19.91811601;0.824087875;5;"TPX2";6
"Tram2_S332";12.4952395;6.941635856;10;"TRAM2";10
"Trim28_S473";-0.833342118;13.73779953;7;"TRIM28";8
"Trim28_S489";-12.78983497;1.762627714;5;"TRIM28";6
"Trim28_S594";-15.43757342;15.52138625;2;"TRIM28";7
"Trim33_S1134";-11.34919249;12.11697666;2;"TRIM33";7
"Trp53i11_S14";-10.91927926;-10.66347219;9;"TRP53I11";3
"Tsc22d4_T167";15.8253775;-8.278830059;3;"TSC22D4";13
"Tubgcp3_S894";-13.76372285;-6.312565024;11;"TUBGCP3";5
"Tut1_S655";4.781908952;2.682500299;12;"TUT1";9
"Twistnb_S318";-3.174165735;13.87493622;7;"TWISTNB";8
"U2surp_S202";-16.04082302;-8.935098841;11;"U2SURP";5
"Ubash3a_Y9";-10.85854044;-7.072186531;9;"UBASH3A";3
"Ubxn1_S188";17.2636243;-3.103157059;3;"UBXN1";13
"Ubxn7_S258";-14.14762077;4.1252512;5;"UBXN7";6
"Ubxn7_S266";8.625853144;-17.96385707;1;"UBXN7";1
"Uri1_S439";-6.593109278;-15.27056935;6;"URI1";2
"Utp14a_S567";-7.970661589;3.775544165;5;"UTP14A";6
"Vamp4_S17";3.586271931;15.60143426;7;"VAMP4";8
"Vasp_S235";7.087958508;10.75577437;7;"VASP";8
"Vasp_S318";-1.895557239;-13.62313132;6;"VASP";2
"Vasp_S319";-0.624171387;-13.61338929;6;"VASP";2
"Vipas39_S119";9.589073609;-16.57190967;1;"VIPAS39";1
"Wdhd1_S1077";-17.91056632;3.364608655;5;"WDHD1";6
"Wdr44_S346";8.116497955;5.722601084;10;"WDR44";10
"Wdr81_S1570";-15.26674714;3.341335381;5;"WDR81";6
"Whsc1l1_S457";-7.78965543;14.48734833;7;"WHSC1L1";8
"Whsc1l1_T456";-7.751308054;13.53593938;7;"WHSC1L1";8
"Wipf1_S268";7.114155605;-17.90676291;1;"WIPF1";1
"Wipf1_S330";7.465622051;-18.70460538;1;"WIPF1";1
"Wipf1_S340";-17.42886317;5.083445408;5;"WIPF1";6
"Wipi2_S394";-13.0328282;9.176674294;2;"WIPI2";7
"Wiz_S1016";-14.11891923;12.9982378;2;"WIZ";7
"Wnk1_S2367";-10.36384759;-10.81763046;9;"WNK1";3
"Xpo4_S521";-14.16696029;-11.22722459;9;"XPO4";3
"Ybx3_S328";12.17255416;7.463698178;10;"YBX3";10
"Zap70_S490+Y492";-7.319631904;-10.72038458;9;"ZAP70";3
"Zap70_T291";-5.179528316;-9.484176186;9;"ZAP70";3
"Zap70_Y290";-9.696552425;-8.968570243;9;"ZAP70";3
"Zap70_Y491";-6.840239332;-9.937346851;9;"ZAP70";3
"Zap70_Y491+Y492";-19.22974136;-2.759503057;5;"ZAP70";6
"Zap70_Y492";-7.77757936;-8.107844364;13;"ZAP70";4
"Zc3h11a_S289";-17.82312294;0.750070052;5;"ZC3H11A";6
"Zc3h11a_S740";-15.48468879;-2.448300777;5;"ZC3H11A";6
"Zc3h14_S309";-3.775157668;15.79266056;7;"ZC3H14";8
"Zc3h4_S1111";14.19119198;3.349506018;4;"ZC3H4";11
"Zc3h4_S1270+S1276";6.483147092;-23.28496145;1;"ZC3H4";1
"Zc3hc1_S343";1.851782939;14.52465041;7;"ZC3HC1";8
"Zc3hc1_S394";3.509676502;9.372127442;7;"ZC3HC1";8
"Zc3hc1_S406";-12.78958592;11.92325565;2;"ZC3HC1";7
"Zc3hc1_T351";-6.482455349;4.314753935;5;"ZC3HC1";6
"Zcchc11_S131";20.16972787;0.515380106;8;"ZCCHC11";12
"Zcchc8_S660";-12.54469012;15.33230446;2;"ZCCHC8";7
"Zfr_S1054";-6.303556659;13.55302612;7;"ZFR";8
"Znrf2_S18";-9.386603866;2.646747911;5;"ZNRF2";6
"Zfp36l2_S480";-15.09412928;-2.823372012;5;"ZFP36L2";6
